sample	sites_covered	sites_genotyped	HOMR	HET	HOMA	AC	AG	AT	CA	CG	CT	GA	GC	GT	TA	TC	TG
PLV001	0.99860	0.99674	0.97172	0.02677	0.00147	100	594	48	82	101	497	535	87	82	38	532	65
RIG001	0.99783	0.99702	0.99914	0.00013	0.00073	38	265	27	42	46	277	288	47	49	24	233	32
PES001	0.97458	0.96798	0.99387	0.00021	0.00590	278	1984	170	274	326	2390	2465	329	294	157	1851	234
GOY005	0.97049	0.96130	0.99377	0.00024	0.00598	293	1954	168	284	352	2430	2526	319	311	158	1778	248
TAF017	0.96967	0.96235	0.99315	0.00030	0.00654	335	2841	183	319	396	1902	1981	397	321	188	2643	342
GOY006	0.96216	0.94224	0.99487	0.00003	0.00510	190	1666	117	218	241	2139	2228	208	228	116	1528	166
ESA006	0.70300	0.33749	0.99501	0.00106	0.00392	44	415	24	58	60	640	663	54	49	32	401	49
ESA007	0.64490	0.29021	0.99067	0.00515	0.00416	56	392	22	54	63	531	590	48	45	22	409	39
